[
    {
        "id": 23178,
        "item": "Bisceglie",
        "coordinates": [
            "41.240933333",
            "16.502061111"
        ],
        "summaries": {
            "en_wiki": "Bisceglie (Italian: [biʃˈʃeʎʎe]; Biscegliese: Vescégghie) is a city and municipality on the Adriatic Sea of 55,251 inhabitants in the province of Barletta-Andria-Trani, in the Apulia region (Italian: Puglia), in southern Italy. The city was awarded Blue Flag Beach certification in 2001 for high environmental and quality standards. Scallette and Salsello Beaches were also certified in 2003, 2005 and 2006.It is the municipality with the fourth highest population in the province and fourteenth highest in the region.It is an important agricultural hub, with manufacturers mainly in the textile industry.",
            "de_wiki": "Bisceglie ist eine italienische Gemeinde mit 55.251 Einwohnern (Stand 31. Dezember 2018) in der Provinz Barletta-Andria-Trani in Apulien. Bis Ende 2007 gehörte der Ort zur Provinz Bari.",
            "fr_wiki": "Bisceglie est une ville d'environ 54 000 habitants de la province de Barletta-Andria-Trani dans les Pouilles, dans l'Italie méridionale."
        },
        "images": [
            "Q23178_0.jpg",
            "Q23178_3.png",
            "Q23178_1.png",
            "Q23178_2.jpg"
        ],
        "classes": [
            "comune of Italy"
        ]
    },
    {
        "id": 630749,
        "item": "Escaudœuvres",
        "coordinates": [
            "50.192777777",
            "3.265"
        ],
        "summaries": {
            "en_wiki": "Escaudœuvres  is a commune in the Nord department in northern France.",
            "de_wiki": "Escaudœuvres ist eine französische Gemeinde mit 3257 Einwohnern (Stand 1. Januar 2017) im Département Nord in der Region Hauts-de-France. Sie gehört zum Arrondissement Cambrai und zum Kanton Cambrai (bis 2015: Kanton Cambrai-Est). Die Einwohner werden Scaldobrigiens genannt.\nEscaudœuvres liegt 3,5 Kilometer nordöstlich von Cambrai, 30 Kilometer von Valenciennes und 28 Kilometer von Douai entfernt am Ufer der Schelde. Nachbargemeinden sind: Cambrai, Cagnoncles, Cauroir, Eswars, Naves, Ramillies, Thun-l’Évêque und Thun-Saint-Martin.",
            "fr_wiki": "Escaudœuvres est une commune française située dans le département du Nord, en région Hauts-de-France. Elle se situe dans la région du Cambrésis et dans l'aire urbaine de Cambrai et est l'une des 55 communes membres de la Communauté d'agglomération de Cambrai qui rassemble plus de 80 000 habitants.\nLes habitants sont appelés les Scaldobrigiens. Leur nom jeté est les Sangliers.\nPar sa proximité de Cambrai, ville d'Empire proche de la frontière du royaume de France, Escaudœuvres a subi tout au long de son histoire les vicissitudes de nombreux sièges et invasions. La canalisation de l'Escaut, à la fin du XVIIIe siècle, a entraîné une industrialisation de la commune. Malgré les fermetures d'entreprises du XXe siècle, le caractère ouvrier et industriel d'Escaudœuvres reste affirmé. La commune se présente aujourd'hui à la fois comme « ville lecture » pour son obtention de la charte en 1992 et comme « cité du sucre » en raison de la place qu'occupe dans son histoire et son économie la « sucrerie centrale » installée en 1872."
        },
        "images": [
            "Q630749_0.png",
            "Q630749_1.png",
            "Q630749_2.jpg"
        ],
        "classes": [
            "commune of France"
        ]
    },
    {
        "id": 10958,
        "item": "Neunkirchen",
        "coordinates": [
            "50.786111111",
            "8.005555555"
        ],
        "summaries": {
            "en_wiki": "Neunkirchen (English: Nine Churches)  is a municipality in the Siegen-Wittgenstein district, in North Rhine-Westphalia, Germany.",
            "de_wiki": "Neunkirchen ist eine Gemeinde in Nordrhein-Westfalen, Deutschland und gehört zum Kreis Siegen-Wittgenstein.",
            "fr_wiki": "Neunkirchen est une commune de Rhénanie-du-Nord-Westphalie (Allemagne), située dans l'arrondissement de Siegen-Wittgenstein, dans le district d'Arnsberg, dans le Landschaftsverband de Westphalie-Lippe.\n\n Portail de la Rhénanie-du-Nord-Westphalie"
        },
        "images": [
            "Q10958_2.png",
            "Q10958_0.png",
            "Q10958_1.png",
            "Q10958_3.jpg"
        ],
        "classes": [
            "municipality of Germany"
        ]
    },
    {
        "id": 23048167,
        "item": "Oriental",
        "coordinates": [
            "34.68333333",
            "-1.9"
        ],
        "summaries": {
            "en_wiki": "Oriental (Arabic: الشرق, Ash-Sharq; Berber: ⵜⴰⴳⵎⵓⴹⴰⵏⵜ,Tagmuḍant ) is one of the twelve regions of Morocco, located in the eastern part of the country. It covers an area of 90,127 km² and has a population of 2,314,346 (2014 census).\nThe capital and the largest city is Oujda, and the second largest city is Nador. The region includes 7 provinces and one prefecture. Mohamed Mhidia became wali (governor) of the region in 2015.A majority of the population of Oriental speak Moroccan Darija Arabic (86.2%) as a first or second language. A large minority speak the Rif-Berber language (38.4%) as a first language. Small numbers speak Eastern Middle Atlas Tamazight and Figuig Tamazight, principally in the south of Oriental.",
            "de_wiki": "Die Region Oriental (arabisch الجهة الشرقية, Zentralatlas-Tamazight ⵜⴰⴳⵎⵓⴹⴰⵏⵜ Tagmuḍant) ist eine der 12 – nach einer Verwaltungsreform im Jahr 2015 – neu zusammengesetzten Regionen Marokkos. Sie befindet sich im Nordosten des Königreichs an der Grenze zu Algerien; die Hauptstadt ist Oujda.",
            "fr_wiki": "La région de l'Oriental marocain (en berbère : ⵜⴰⴳⵎⵓⴹⴰⵏⵜ, en arabe : الجهة الشرقية) est l'une des douze régions du Maroc instituées par le découpage territorial de 2015.\nUne partie du nord de la région, le long de la Méditerranée, forme le Rif oriental, région géographique et culturelle allant de l'Oued Kert à Ras El ma et englobant les provinces de Nador et Driouch ainsi que les moitiés nord des provinces de Guercif et Taourirt.\nLa région est située au niveau de la frontière fermée entre le Maroc et l'Algérie.\nLes principales villes de la région sont Oujda, Taourirt, Nador, Berkane, Guercif et Figuig. Nador forme le premier aéroport (Nador Al-Aroui), la plus grande zone industrielle (Selouane) et le premier port (Beni Ensar) de l'Oriental."
        },
        "images": [
            "Q23048167_1.png",
            "Q23048167_0.jpg",
            "Q23048167_2.jpg"
        ],
        "classes": [
            "region of Morocco"
        ]
    },
    {
        "id": 172,
        "item": "Toronto",
        "coordinates": [
            "43.670277777",
            "-79.386666666"
        ],
        "summaries": {
            "en_wiki": "Toronto is the provincial capital of Ontario and the most populous city in Canada, with a population of 2,731,571 as of 2016. Current to 2016, the Toronto census metropolitan area (CMA), of which the majority is within the Greater Toronto Area (GTA), held a population of 5,928,040, making it Canada's most populous CMA. The city is the anchor of the Golden Horseshoe, an urban agglomeration of  9,245,438 people (as of 2016) surrounding the western end of Lake Ontario. Toronto is an international centre of business, finance, arts, and culture, and is recognized as one of the most multicultural and cosmopolitan cities in the world.People have travelled through and inhabited the Toronto area, located on a broad sloping plateau interspersed with rivers, deep ravines, and urban forest, for more than 10,000 years. After the broadly disputed Toronto Purchase, when the Mississauga surrendered the area to the British Crown, the British established the town of York in 1793 and later designated it as the capital of Upper Canada. During the War of 1812, the town was the site of the Battle of York and suffered heavy damage by American troops. York was renamed and incorporated in 1834 as the city of Toronto. It was designated as the capital of the province of Ontario in 1867 during Canadian Confederation. The city proper has since expanded past its original borders through both annexation and amalgamation to its current area of 630.2 km2 (243.3 sq mi).\nThe diverse population of Toronto reflects its current and historical role as an important destination for immigrants to Canada. More than 50 percent of residents belong to a visible minority population group, and over 200 distinct ethnic origins are represented among its inhabitants. While the majority of Torontonians speak English as their primary language, over 160 languages are spoken in the city.Toronto is a prominent centre for music, theatre, motion picture production, and television production, and is home to the headquarters of Canada's major national broadcast networks and media outlets. Its varied cultural institutions, which include numerous museums and galleries, festivals and public events, entertainment districts, national historic sites, and sports activities, attract over 43 million tourists each year. Toronto is known for its many skyscrapers and high-rise buildings, in particular the tallest free-standing structure in the Western Hemisphere, the CN Tower.The city is home to the Toronto Stock Exchange, the headquarters of Canada's five largest banks, and the headquarters of many large Canadian and multinational corporations. Its economy is highly diversified with strengths in technology, design, financial services, life sciences, education, arts, fashion, aerospace, environmental innovation, food services, and tourism.",
            "de_wiki": "Toronto (englische Aussprache [təˈɹɒn(t)oʊ̯]; regional auch  [təˈɹɒnə] oder [ˈtɹɒnoʊ̯]) ist mit 2,6 Millionen Einwohnern die größte Stadt Kanadas und die Hauptstadt der Provinz Ontario. Sie liegt im Golden Horseshoe (Goldenes Hufeisen), einer Region mit über 8,1 Millionen Einwohnern, die sich halbkreisförmig um das westliche Ende des Ontariosees bis zu den Niagarafällen erstreckt. Rund ein Drittel der Bevölkerungszunahme des ganzen Landes lebte in den letzten Jahren in diesem Großraum. Die Einwohnerzahl der Metropolregion (Census Metropolitan Area) stieg von 4,1 Millionen im Jahr 1992 auf 5,6 Millionen im Jahr 2011. Die Greater Toronto Area hatte 2010 über 6,2 Millionen Einwohner.Die Stadt liegt am nordwestlichen Ufer des Ontariosees, dem mit 18.960 km² Fläche kleinsten der fünf Großen Seen. Durch die Eingemeindung einer Reihe von Vorstädten, die bereits mit Toronto verschmolzen waren (Etobicoke, Scarborough, York, East York und North York), wurde Toronto Ende der 1990er Jahre mehrfach vergrößert. Das Zentrum mit dem Einkaufs- und Bankendistrikt befindet sich in der Nähe des Sees. Die Haupteinkaufsstraße ist die Yonge Street. Toronto ist seit ungefähr den 1970er Jahren, nachdem Montreal über Jahrzehnte hinweg diese Rolle zugefallen war, Kanadas Wirtschaftszentrum und weltweit einer der führenden Finanzplätze.",
            "fr_wiki": "Toronto (/tɔ.ʁɔ̃.to/ ; en anglais : /təˈɹɒntoʊ̯/  voire localement /təˈɹɒnə/ ou /ˈtɹɒnoʊ̯/ ) est la plus peuplée des villes du Canada et la capitale de la province de l'Ontario. Elle se situe dans le Sud-Est du Canada, sur la rive nord-ouest du lac Ontario. Selon le recensement de 2016, Toronto compte plus de 2,7 millions d'habitants, faisant d'elle la quatrième ville la plus peuplée en Amérique du Nord. Son aire métropolitaine compte 5,9 millions d'habitants, et la mégalopole du Golden Horseshoe, dont elle est le cœur, plus de 8,7 millions d'habitants en 2011, soit le quart de la population canadienne. Ville mondiale, Toronto est le centre bancaire, financier, commercial et artistique du Canada anglophone, et l'une des villes les plus multiculturelles et cosmopolites au monde. \nLa région de Toronto, située sur un vaste plateau en pente jalonné de rivières, de ravins et de forêts, est habitée depuis plus de 10 000 ans. Après la brève installation d'un fort par les Français puis l’achat contesté de la région au peuple Mississauga par la Couronne britannique, les colons anglais fondent en 1793 la ville d'York, qui devient la capitale du Haut-Canada. Pendant la guerre de 1812, la ville est le théâtre de la bataille d'York et subit de lourds dégâts par les troupes américaines. York est renommée Toronto en 1834. Elle est désignée capitale de la province de l'Ontario en 1867 par la Confédération canadienne. La ville s'est depuis étendue au-delà de ses frontières d'origine, à la suite de plusieurs fusions, jusqu'à atteindre la superficie actuelle de 630,2 km2.\nLa population particulièrement cosmopolite de Toronto reflète son rôle historique de destination des immigrants au Canada. Plus de 50 % des résidents appartiennent à un groupe de minorités visibles et plus de 200 origines ethniques distinctes sont représentées parmi ses habitants. Bien que la majorité des Torontois parlent l'anglais principalement, plus de 160 langues sont parlées dans la ville.\nToronto est devenu un important centre de musique, théâtre, de production cinématographique et télévisuelle. Elle abrite le siège des principaux réseaux de diffusion et des médias nationaux du Canada. Ses institutions culturelles variées, qui comprennent de nombreux musées et galeries d'art, des festivals et événements publics, des quartiers de divertissement, des lieux historiques nationaux et des activités sportives, attirent plus de 25 millions de touristes chaque année. Toronto est connue pour ses nombreux gratte-ciel, en particulier la plus haute structure autoportante de l' hémisphère occidental, la tour CN.\nLa ville abrite la Bourse de Toronto, le siège des cinq plus grandes banques du Canada et de nombreuses autres grandes sociétés canadiennes et multinationales, de tous les secteurs économiques. Elle abrite aussi de nombreux établissements d'enseignement supérieur réputés, dont l'université de Toronto qui figure parmi les plus réputées au monde. \nToronto apparaît régulièrement dans les classements des meilleures villes en termes de qualité de vie, malgré un coût de la vie important. Ses habitants s'appellent les Torontois."
        },
        "images": [
            "Q172_1.png",
            "Q172_5.png",
            "Q172_6.png",
            "Q172_0.jpg",
            "Q172_3.jpg",
            "Q172_2.jpg",
            "Q172_4.jpg"
        ],
        "classes": [
            "city with millions of inhabitants",
            "provincial or territorial capital city in Canada",
            "big city",
            "single-tier municipality",
            "city"
        ]
    },
    {
        "id": 1789630,
        "item": "Tvarožná",
        "coordinates": [
            "49.191793738",
            "16.771471839"
        ],
        "summaries": {
            "en_wiki": "Tvarožná (German: Bosenitz) is a village in Brno-Country District, Czech Republic; about 10 km east of Brno. A brook flows through the village. There are also two ponds.",
            "de_wiki": "Tvarožná (deutsch Bosenitz) ist eine Gemeinde in Tschechien. Sie liegt zwölf Kilometer östlich des Stadtzentrums von Brno und gehört zum Okres Brno-venkov.",
            "fr_wiki": "Tvarožná (en allemand : Bosenitz) est une commune tchèque du district de Brno-Campagne, dans la région de Moravie-du-Sud. Sa population s'élevait à 1 279 habitants en 2017."
        },
        "images": [
            "Q1789630_0.jpg",
            "Q1789630_1.jpg",
            "Q1789630_2.png"
        ],
        "classes": [
            "municipality of the Czech Republic",
            "cadastral area in the Czech Republic"
        ]
    },    
    {
        "id": 1061703,
        "item": "Saint-Martin-d'Aubigny",
        "coordinates": [
            "49.165",
            "-1.35"
        ],
        "summaries": {
            "en_wiki": "Saint-Martin-d'Aubigny is a commune in the Manche department in Normandy in north-western France.",
            "de_wiki": "Saint-Martin-d’Aubigny  ist eine französische Gemeinde mit 595 Einwohnern (Stand 1. Januar 2017) im Département Manche in der Region Normandie. Sie gehört zum Arrondissement Coutances und zum Kanton Agon-Coutainville. \nNachbargemeinden von Saint-Martin-d’Aubigny sind\n\nMarchésieux im Nordosten,\nFeugères im Südosten,\nSaint-Sauveur-Villages mit Le Mesnilbus im Süden und Saint-Aubin-du-Perron im Südwesten,\nPériers im Westen,\nSaint-Sébastien-de-Raids im Nordwesten.",
            "fr_wiki": "Saint-Martin-d'Aubigny est une commune française, située dans le département de la Manche en région Normandie, peuplée de 595 habitants."
        },
        "images": [
            "Q1061703_0.png",
            "Q1061703_1.png",
            "Q1061703_2.jpg"
        ],
        "classes": [
            "commune of France"
        ]
    },
    {
        "id": 328000,
        "item": "Sasebo",
        "coordinates": [
            "33.18",
            "129.715555555"
        ],
        "summaries": {
            "en_wiki": "Sasebo (佐世保市, Sasebo-shi) is a core city located in Nagasaki Prefecture, Japan. As of 1 June 2019, the city has an estimated population of 247,739 and a population density of 581 persons per km². The total area is 426.06 km2 (165 sq mi).\nThe city includes a part of Saikai National Park. Located in the southern part of the city is the Dutch-styled theme park Huis Ten Bosch.",
            "de_wiki": "Sasebo (jap. 佐世保市, -shi) ist eine Großstadt in der Präfektur Nagasaki auf der Insel Kyūshū in Japan. Seit 2016 hat Sasebo als „Kernstadt“ auch politisch einen Großstadtstatus mit mehr Selbstverwaltung.",
            "fr_wiki": "Sasebo (佐世保市, Sasebo-shi) est la deuxième plus grande ville de la préfecture de Nagasaki, dans l'Ouest du Japon."
        },
        "images": [
            "Q328000_0.png",
            "Q328000_1.png",
            "Q328000_3.jpg",
            "Q328000_2.jpg"
        ],
        "classes": [
            "special city of Japan"
        ]
    },
    {
        "id": 1062,
        "item": "Lake Ontario",
        "coordinates": [
            "43.7",
            "-77.9"
        ],
        "summaries": {
            "en_wiki": "Lake Ontario is one of the five Great Lakes of North America. It is surrounded on the north, west, and southwest by the Canadian province of Ontario, and on the south and east by the American state of New York, whose water boundaries meet in the middle of the lake. Ontario, Canada's most populous province, was named for the lake. Many populous cities, including Toronto, Rochester, and Hamilton, are located on the lake's shores. In the Huron language, the name Ontarí'io means \"great lake\". Its primary inlet is the Niagara River from Lake Erie.  The last in the Great Lakes chain, Lake Ontario serves as the outlet to the Atlantic Ocean via the Saint Lawrence River. It is the only Great Lake not to border the state of Michigan.",
            "de_wiki": "Der Ontariosee (englisch Lake Ontario; französisch Lac Ontario) ist der flächenmäßig kleinste der fünf Großen Seen Nordamerikas, die miteinander durch Flussläufe verbunden sind.\nNach Tiefe und Volumen ist er jedoch nach dem Eriesee der zweitkleinste.",
            "fr_wiki": "Le lac Ontario est le plus oriental et le plus petit des cinq Grands Lacs d'Amérique du Nord. Il s'étend sur 18 529 km2, ce qui le place au 14e rang dans le monde."
        },
        "images": [
            "Q1062_1.jpg",
            "Q1062_2.jpg"
        ],
        "classes": [
            "lake"
        ]
    },
    {
        "id": 20962888,
        "item": "Area around Dositej’s Lyceum",
        "coordinates": [
            "44.8208",
            "20.4592"
        ],
        "summaries": {
            "en_wiki": "Cultural-historical complex Area around Dositej’s Lyceum  is one of the oldest and most important city parts in Belgrade, which centre formed at the end of the 18th and beginning of the 19th century.",
            "de_wiki": "Die kulturhistorische Raumeinheit des Gebiets um das Lyzeum von Dositej ist eins der ältesten und bedeutendsten Stadtgebiete in Belgrad, dessen Kern sich Ende des 18. und Anfang des 19. Jahrhunderts gebildet hat.",
            "fr_wiki": "Le quartier du lycée de Dositej (en serbe cyrillique : Подручје око Доситејевог лицеја ; en serbe latin : Područje oko Dositejevog liceja}, est un quartier de Belgrade, la capitale de la Serbie. Il est situé dans la municipalité de Stari grad. En raison de sa valeur architecturale, notamment des constructions datant des XVIIIe et XIXe siècles, l'ensemble est inscrit sur la liste des entités spatiales historico-culturelles d'importance exceptionnelle de la République de Serbie (identifiant no PKIC 18) et sur la liste des biens culturels de la Ville de Belgrade."
        },
        "images": [
            "Q20962888_0.jpg",
            "Q20962888_1.jpg"
        ],
        "classes": [
            "neighborhood"
        ]
    },
    {
        "id": 680361,
        "item": "Guldental",
        "coordinates": [
            "49.891944444",
            "7.841111111"
        ],
        "summaries": {
            "en_wiki": "Guldental is an Ortsgemeinde – a municipality belonging to a Verbandsgemeinde, a kind of collective municipality – in the Bad Kreuznach district in Rhineland-Palatinate, Germany. It belongs to the Verbandsgemeinde Langenlonsheim-Stromberg, whose seat is in Langenlonsheim. With a population of some 2,900 inhabitants, Guldental is the biggest rural winegrowing community on the Nahe.",
            "de_wiki": "Guldental ist eine Ortsgemeinde an der Nahe im Landkreis Bad Kreuznach in Rheinland-Pfalz. Sie gehört der Verbandsgemeinde Langenlonsheim-Stromberg an.",
            "fr_wiki": "Guldental est une municipalité allemande située dans le land de Rhénanie-Palatinat et l'Arrondissement de Bad Kreuznach."
        },
        "images": [
            "Q680361_2.png",
            "Q680361_1.jpg",
            "Q680361_0.png"
        ],
        "classes": [
            "municipality of Germany"
        ]
    },
    {
        "id": 112019,
        "item": "Sirmione",
        "coordinates": [
            "45.469444444",
            "10.606111111"
        ],
        "summaries": {
            "en_wiki": "Sirmione (Brescian: Sirmiù; Venetian: Sirmion) is a comune in the province of Brescia, in Lombardy (northern Italy).  It is bounded by the comunes of Desenzano del Garda (Lombardy) and Peschiera del Garda in the province of Verona and the region of Veneto.  It has a historical centre which is located on the Sirmio peninsula that divides the lower part of Lake Garda.",
            "de_wiki": "Sirmione ist eine italienische Ortschaft mit 8254 Einwohnern (Stand 31. Dezember 2018). Sie liegt am Südufer des Gardasees. Das historische Zentrum der Ortschaft liegt auf einer Halbinsel, die in den See hineinragt. Sirmione gehört zur Provinz Brescia in der italienischen Region Lombardei.",
            "fr_wiki": "Sirmione est une commune de la province de Brescia dans la région Lombardie en Italie. Situé à l'extrémité d'une presqu'île qui s'avance dans le Lac de Garde et occupé depuis l'époque romaine, c'est de nos jours un centre touristique important."
        },
        "images": [
            "Q112019_2.png",
            "Q112019_1.jpg",
            "Q112019_0.jpg"
        ],
        "classes": [
            "comune of Italy"
        ]
    },
    {
        "id": 1331632,
        "item": "Pingshan District",
        "coordinates": [
            "41.29951",
            "123.7566"
        ],
        "summaries": {
            "en_wiki": "Pingshan District (simplified Chinese: 平山区; traditional Chinese: 平山區; pinyin: Píngshān Qū; literally: 'flat or peaceful mountain') is a district under the administration of the city of Benxi, Liaoning province, People's Republic of China. It has a total area of 177 square kilometres (68 sq mi), and a population of approximately 350,000 people as of 2002.",
            "de_wiki": "Der Stadtbezirk Pingshan (chinesisch 平山区, Pinyin Píngshān Qū) ist ein Stadtbezirk in der  bezirksfreien Stadt Benxi in der nordostchinesischen Provinz Liaoning. Er hat eine Fläche von 177,07 km² und zählt 350.000 Einwohner (2004). Er ist das Zentrum von Benxi.",
            "fr_wiki": "Le district de Pingshan (平山区 ; pinyin : Píngshān Qū) est une subdivision administrative de la province du Liaoning en Chine. Il est placé sous la juridiction de la ville-préfecture de Benxi dont elle couvre le centre."
        },
        "images": [
            "Q1331632_1.png",
            "Q1331632_0.jpg"
        ],
        "classes": [
            "district of China"
        ]
    },
    {
        "id": 736060,
        "item": "Aspen Island",
        "coordinates": [
            "-35.298888888",
            "149.142222222"
        ],
        "summaries": {
            "en_wiki": "Aspen Island, within Lake Burley Griffin, is a man-made island located in Canberra, Australian Capital Territory, Australia.\nAspen Island is located on the south-eastern side of the Central Basin of Lake Burley Griffin, adjacent to Kings Park, Parkes. The island lies within the Canberra ceremonial precinct, called the Parliamentary Triangle. The Australian National Carillon is situated on the island, that is linked to the mainland at Kings Park, by a footbridge which is named after John Douglas Gordon, who played the inaugural recital.The name of Aspen Island was gazetted on 21 November 1963, and named after the aspen tree, of which some are classified by botanists in the section Populus, of the poplar genus.\nAspen Island is the largest of three islands at the south-eastern end of Central Basin of Lake Burley Griffin. The two smaller adjacent island are unnamed.",
            "de_wiki": "Aspen Island ist eine künstliche Insel im Australian Capital Territory, die sich im Lake Burley Griffin im Zentrum von Canberra befindet. Die Insel in der Hauptstadt von Australien ist mit dem Kings Park im Osten durch eine 60 Meter lange Fußgängerbrücke verbunden.Die denkmalgeschützte Insel ist eine Touristenattraktion, auf ihr finden auch Hochzeitsveranstaltungen statt. Auf Aspen Island finden zahlreiche kulturelle Veranstaltungen statt, die in Monatsübersichten angekündigt werden.Auf der Insel befindet sich ein aus Beton hergestellter 50 Meter hoher Glockenturm, der National Carillon. Das helle Carillon ist ein Geschenk der britischen Regierung zum 50. Jahrestages der Gründung Canberras, das offiziell am 26. April 1970 durch Königin Elisabeth II. eingeweiht wurde.\nAspen Island ist eine der Inseln des aufgestauten See im zentralen Staubecken, während die anderen Springbank Island und Spinnaker Island im westlichen Becken liegen. Es gibt in dem Stausee drei weitere kleine Inseln, die keinen Namen tragen.\n\n\n== Einzelnachweise ==",
            "fr_wiki": "L'île Aspen est une île située dans le lac Burley Griffin, au centre de Canberra, la capitale fédérale de l'Australie. L'île est reliée à la ville par une passerelle pour piéton et abrite le carillon national.\n\n Portail du Territoire de la capitale australienne   Portail du monde insulaire"
        },
        "images": [
            "Q736060_0.jpg"
        ],
        "classes": [
            "island"
        ]
    },
    {
        "id": 1744197,
        "item": "Kladruby",
        "coordinates": [
            "50.615003716",
            "13.825606106"
        ],
        "summaries": {
            "en_wiki": "Kladruby (German: Kradrob) is a village and municipality (obec) in Teplice District in the Ústí nad Labem Region of the Czech Republic.\nThe municipality covers an area of 2.87 square kilometres (1.11 sq mi), and has a population of 301 (as at 3 July 2006).\nKladruby lies approximately 3 kilometres (2 mi) south of Teplice, 16 km (10 mi) west of Ústí nad Labem, and 72 km (45 mi) north-west of Prague.",
            "de_wiki": "Kladruby (deutsch Kradrob) ist eine Gemeinde in Tschechien. Sie liegt drei Kilometer südlich des Stadtzentrums von Teplice und gehört zum Okres Teplice.",
            "fr_wiki": "Kladruby (en allemand : Kradrob) est une commune du district de Teplice, dans la région d'Ústí nad Labem, en République tchèque. Sa population s'élevait à 362 habitants en 2018."
        },
        "images": [
            "Q1744197_0.jpg",
            "Q1744197_1.png"
        ],
        "classes": [
            "municipality of the Czech Republic"
        ]
    },
    {
        "id": 55954790,
        "item": "Golden Bridge",
        "coordinates": [
            "15.99894525",
            "107.99525515"
        ],
        "summaries": {
            "en_wiki": "The Golden Bridge (Vietnamese: Cầu Vàng) is a 150-metre-long (490 ft) pedestrian bridge in the Bà Nà Hills resort, near Da Nang, Vietnam. It is designed to connect the cable car station with the gardens (avoiding a steep incline) and to provide a scenic overlook and tourist attraction. The bridge loops nearly back around to itself, and has two giant stone hands (constructed of fibreglass and wire mesh) designed to appear to support the structure.\nThe client for the project was the Sun Group. The bridge was designed by TA Landscape Architecture (under Ho Chi Minh City University of Architecture) based in Ho Chi Minh City. The company's founder, Vu Viet Anh, was the project's principal designer, with Tran Quang Hung as the bridge designer and Nguyen Quang Huu Tuan as the bridge's design manager. Construction began in July 2017 and was completed in April 2018. The bridge opened in June 2018.",
            "de_wiki": "Die Goldene Brücke (vietnamesisch: Cầu Vàng) ist eine 150 Meter lange Fußgängerbrücke im Bà-Nà-Hills-Resort in der Nähe von Đà Nẵng, Vietnam. Sie befindet sich im Truong-Son-Gebirge und besteht aus einem Stahlgeflecht und Fiberglas.\nDie Brücke wurde als Zubringer zur Seilbahnstation Bà Nà Hills Cable Car gebaut und verbindet die Seilbahn mit den Gartenanlagen des Berghotels. Die Attraktion sind neben der Aussicht auf die Landschaft zwei riesige Steinhände, die das Bauwerk zu unterstützen scheinen. Die Brücke wurde von TA Landscape Architecture in Ho-Chi-Minh-Stadt entworfen. Sie wurde im Juni 2018 eröffnet.\n\n\n== Quellen ==",
            "fr_wiki": "Le pont d'or (en vietnamien : Cầu Vàng) est un pont piétonnier long de 150 mètres, construit dans les collines Bà Nà (en), située à 1400 m d'altitude près de Da Nang au Viêt Nam.\nCe pont a été conçu uniquement pour servir d'attraction touristique et comme point de vue sur les collines boisées du centre du pays. Le pont forme une boucle, et semble être soutenu par deux immenses mains en béton."
        },
        "images": [
            "Q55954790_1.jpg",
            "Q55954790_0.jpg"
        ],
        "classes": [
            "tourist attraction",
            "footbridge"
        ]
    },
    {
        "id": 534742,
        "item": "Comarca de Loja",
        "coordinates": [
            "37.23198849",
            "-4.0510088"
        ],
        "summaries": {
            "en_wiki": "Comarca de Loja is a comarca in the province of Granada, Spain. It contains the following municipalities:\nAlgarinejo\nHuétor-Tájar\nÍllora\nLoja\nMoclín\nMontefrío\nMoraleda de Zafayona\nSalar\nVillanueva Mesía\nZagra\n\n\n== References ==",
            "de_wiki": "Die Comarca de Loja ist eine Comarca in der spanischen Provinz Granada. Sie wurde, wie alle Comarcas in der Autonomen Gemeinschaft Andalusien, mit Wirkung zum 28. März 2003 eingerichtet.Die im Nordwesten der Provinz gelegene Comarca besteht aus 10 Gemeinden mit einer Fläche von 1305,12 km².",
            "fr_wiki": "La comarque de Loja  est une comarque appartenant à la province de Grenade en Espagne.\nListe des communes de la comarque de Loja :\n\nAlgarinejo\nHuétor-Tájar\nÍllora\nLoja\nMoclín\nMontefrío\nMoraleda de Zafayona\nSalar\nVillanueva Mesía\nZagra\n Portail de l’Espagne"
        },
        "images": [
            "Q534742_0.png"
        ],
        "classes": [
            "comarca of Spain"
        ]
    },
    {
        "id": 691876,
        "item": "Csákánydoroszló",
        "coordinates": [
            "46.9728",
            "16.5044"
        ],
        "summaries": {
            "en_wiki": "Csákánydoroszló is a village in Vas County, Hungary.",
            "de_wiki": "Csákánydoroszló (dt.: Zackersdorf-Frauendorf) ist eine Gemeinde im Kleingebiet Körmend im Komitat Vas in Ungarn an der Grenze zu Österreich.",
            "fr_wiki": "Csákánydoroszló est un village de Hongrie, situé dans le département de Vas. Lors du recensement de 2004, il y avait 1 785 habitants.\n\n Portail de la Hongrie"
        },
        "images": [
            "Q691876_0.jpg",
            "Q691876_1.png"
        ],
        "classes": [
            "municipality of Hungary"
        ]
    },
    {
        "id": 549700,
        "item": "Xinjin County",
        "coordinates": [
            "30.41665",
            "103.80968"
        ],
        "summaries": {
            "en_wiki": "Xinjin County (simplified Chinese: 新津县; traditional Chinese: 新津縣; pinyin: Xīnjīn Xiàn; literally: 'new ford') is a county of Sichuan Province, China, it is under the administration of the prefecture-level city of Chengdu, the provincial capital. It borders the prefecture-level city of Meishan to the south.",
            "de_wiki": "Xinjin (新津县,  Xīnjīn Xiàn) ist ein Kreis der Unterprovinzstadt Chengdu in der chinesischen Provinz Sichuan. Er hat eine Fläche von 332 km² und zählt ca. 290.000 Einwohner.\nDie Stätten der prähistorischen Städte der Chengdu-Ebene (Chengdu Pingyuan shiqian chengzhi 成都平原史前城址) und der Guanyin-Tempel (Guanyin si 观音寺) stehen seit 2001 auf der Liste der Denkmäler der Volksrepublik China.",
            "fr_wiki": "Le xian de Xinjin (新津县 ; pinyin : Xīnjīn Xiàn) est un district administratif de la province du Sichuan en Chine. Il est placé sous la juridiction de la ville sous-provinciale de Chengdu."
        },
        "images": [
            "Q549700_0.jpg",
            "Q549700_1.png"
        ],
        "classes": [
            "county of China"
        ]
    },
    {
        "id": 955,
        "item": "Aardenburg",
        "coordinates": [
            "51.274444444",
            "3.445277777"
        ],
        "summaries": {
            "en_wiki": "Aardenburg is a small city (population as of 2008: 2,438) close to the Dutch border with Belgium. It is part of the Sluis Municipality, located in the province of Zeeland in the Netherlands. Its medieval name was Rodenburgh (Red Castle).\n\nIn the Sint-Baafskerk, (Saint Bavo's Church), Aardenburg houses the most complete example of the Scheldegotiek, the characteristic Gothic architecture of the Scheldt. It is also still possible today to see remains of some of the fortifications that used to enclose the city.",
            "de_wiki": "Aardenburg (früher auch Rodenburg) ist ein Ort in der niederländischen Gemeinde Sluis in der Provinz Zeeland. Der Ort hat 2.500 Einwohner (Stand: 1. Januar 2017) und liegt kurz vor der Grenze zu Belgien. Aardenburg war bis 1995 eine eigenständige Gemeinde, die mit der Gemeinde Sluis zur neuen Gemeinde Sluis-Aardenburg, deren Hauptort Aardenburg war, zusammengeschlossen wurde. 2003 fusionierte Sluis-Aardenburg mit der Gemeinde Oostburg zur Großgemeinde Sluis.",
            "fr_wiki": "Aardenburg (flamand occidental: Aerenburg) est une petite ville dans la partie ouest de la Flandre zélandaise; elle fait aujourd'hui partie de la commune de L'Écluse. C'est la plus ancienne ville de Zélande ; elle jouit de droits municipaux. Aardenburg a 2423 habitants (2010).\nC'est un des plus anciens établissements des Pays-Bas; elle était déjà habitée à l'époque romaine. On a retrouvé des fondations d'habitations de cette époque, ainsi que d'autres trouvailles archéologiques. Aardenburg fut aussi le site d'un camp romain, appelé Castellum Rodanum, et qui participait à la défense des frontières de l'Empire.\nAardenburg possède plusieurs façades et édifices remarquables, dont le principal est l'église Saint-Bavon. Cette église est l'exemple le plus complet d'édifice gothique tournaisien aux Pays-Bas. La ville était jadis une forteresse; il en reste une partie des fortifications et une porte, la porte Ouest.\nDans la région, Aardenburg est surnommée la ville des grenouilles; elle doit ce nom à l'uniforme vert de sa fanfare. Ses habitants ont adopté ce sobriquet (qui reste injurieux lorsque d'autres les en affublent), ils ont même élevé au centre de leur ville une fontaine à la grenouille.\nAardenburg fut une commune indépendante jusqu'en 1995 ; en cette année, la commune a fusionné avec celle de Sluis pour la nouvelle commune de Sluis-Aardenburg."
        },
        "images": [
            "Q955_2.png",
            "Q955_0.png",
            "Q955_1.jpg"
        ],
        "classes": [
            "populated place in the Netherlands",
            "place with town rights and privileges"
        ]
    }
]