[
    {
        "id": 23178,
        "item": "Bisceglie",
        "coordinates": [
            "41.240933333",
            "16.502061111"
        ],
        "summaries": {
            "en_wiki": "Bisceglie (Italian: [biʃˈʃeʎʎe]; Biscegliese: Vescégghie) is a city and municipality on the Adriatic Sea of 55,251 inhabitants in the province of Barletta-Andria-Trani, in the Apulia region (Italian: Puglia), in southern Italy. The city was awarded Blue Flag Beach certification in 2001 for high environmental and quality standards. Scallette and Salsello Beaches were also certified in 2003, 2005 and 2006.It is the municipality with the fourth highest population in the province and fourteenth highest in the region.It is an important agricultural hub, with manufacturers mainly in the textile industry.",
            "de_wiki": "Bisceglie ist eine italienische Gemeinde mit 55.251 Einwohnern (Stand 31. Dezember 2018) in der Provinz Barletta-Andria-Trani in Apulien. Bis Ende 2007 gehörte der Ort zur Provinz Bari.",
            "fr_wiki": "Bisceglie est une ville d'environ 54 000 habitants de la province de Barletta-Andria-Trani dans les Pouilles, dans l'Italie méridionale."
        },
        "images": [
            "Q23178_0.jpg",
            "Q23178_3.png",
            "Q23178_1.png",
            "Q23178_2.jpg"
        ],
        "classes": [
            "comune of Italy"
        ]
    },
    {
        "id": 630749,
        "item": "Escaudœuvres",
        "coordinates": [
            "50.192777777",
            "3.265"
        ],
        "summaries": {
            "en_wiki": "Escaudœuvres  is a commune in the Nord department in northern France.",
            "de_wiki": "Escaudœuvres ist eine französische Gemeinde mit 3257 Einwohnern (Stand 1. Januar 2017) im Département Nord in der Region Hauts-de-France. Sie gehört zum Arrondissement Cambrai und zum Kanton Cambrai (bis 2015: Kanton Cambrai-Est). Die Einwohner werden Scaldobrigiens genannt.\nEscaudœuvres liegt 3,5 Kilometer nordöstlich von Cambrai, 30 Kilometer von Valenciennes und 28 Kilometer von Douai entfernt am Ufer der Schelde. Nachbargemeinden sind: Cambrai, Cagnoncles, Cauroir, Eswars, Naves, Ramillies, Thun-l’Évêque und Thun-Saint-Martin.",
            "fr_wiki": "Escaudœuvres est une commune française située dans le département du Nord, en région Hauts-de-France. Elle se situe dans la région du Cambrésis et dans l'aire urbaine de Cambrai et est l'une des 55 communes membres de la Communauté d'agglomération de Cambrai qui rassemble plus de 80 000 habitants.\nLes habitants sont appelés les Scaldobrigiens. Leur nom jeté est les Sangliers.\nPar sa proximité de Cambrai, ville d'Empire proche de la frontière du royaume de France, Escaudœuvres a subi tout au long de son histoire les vicissitudes de nombreux sièges et invasions. La canalisation de l'Escaut, à la fin du XVIIIe siècle, a entraîné une industrialisation de la commune. Malgré les fermetures d'entreprises du XXe siècle, le caractère ouvrier et industriel d'Escaudœuvres reste affirmé. La commune se présente aujourd'hui à la fois comme « ville lecture » pour son obtention de la charte en 1992 et comme « cité du sucre » en raison de la place qu'occupe dans son histoire et son économie la « sucrerie centrale » installée en 1872."
        },
        "images": [
            "Q630749_0.png",
            "Q630749_1.png",
            "Q630749_2.jpg"
        ],
        "classes": [
            "commune of France"
        ]
    }
]